<configuration>

<appender name="ConsoleAppender" class="ch.qos.logback.core.ConsoleAppender">

<encoder>
<pattern>
   %d{HH:MM:SS.SSS}[%thread] %-5level %logger{36} - %msg%n
</pattern>

</encoder>
</appender>

<appender name="fileAppender" class="ch.qos.logback.core.FileAppender">
<file>
   mylogs.log
</file>
<encoder>
<pattern>
   %d{HH:MM:SS.SSS}[%thread] %-5level %logger{36} - %msg%n
</pattern>

</encoder>
</appender>
<root level="INFO">
<appender-ref ref="ConsoleAppender"/>

<appender-ref ref="fileAppender"/>
</root>


</configuration>